,refund_count,total_count,refund_rate
电子产品,1816905,2724687,66.68307222077252
服装,1827714,2741821,66.66058798149113
家居,941784,1412814,66.66015483991524
办公,513540,770451,66.6544660205516
运动户外,498642,748289,66.63762262975935
食品,1817605,2724961,66.7020555523547
母婴,506337,759044,66.70720010961156
汽车用品,492020,737218,66.74009587394774
玩具,752690,1128576,66.69378048088919
